state,district,name,party,q2_raised,self_fund,self_loan,spent,raised_ctd,coh,self_fund_ctd,transfer,candidate_id,committee_id,incumbant,party_ind,party_dem,party_rep
AK,AL,Alyse Galvin,(I/D),242,4,0,179,517,267,14,0,H8AK00140,C00665711,FALSE,TRUE,TRUE,FALSE
AK,AL,Don Young,(R-inc),177,0,0,170,768,470,0,0,H6AK00045,C00012229,TRUE,FALSE,FALSE,TRUE
AL,02,Martha Roby,(R-inc),1010,0,0,1100,2101,731,0,31,H0AL02087,C00462143,TRUE,FALSE,FALSE,TRUE
AL,02,Bobby Bright,(R),62,0,0,229,97,163,0,0,H8AL02213,C00669580,FALSE,FALSE,FALSE,TRUE
AL,03,Mallory Hagan,(D),74,0,0,125,178,24,0,0,H8AL03054,C00668574,FALSE,FALSE,TRUE,FALSE
AL,03,Mike Rogers,(R-inc),159,0,0,79,960,1023,0,0,H2AL03032,C00367862,TRUE,FALSE,FALSE,TRUE
AL,05,Peter Joffrion,(D),114,0,0,84,306,102,0,0,H8AL05190,C00647677,FALSE,FALSE,TRUE,FALSE
AL,05,Mo Brooks,(R-inc),54,0,0,143,1240,601,0,0,H0AL05163,C00464149,TRUE,FALSE,FALSE,TRUE
AR,02,Clarke Tucker,(D),471,0,0,530,975,386,0,0,H8AR02159,C00671156,FALSE,FALSE,TRUE,FALSE
AR,02,French Hill,(R-inc),655,0,0,544,1956,1645,0,0,H4AR02141,C00551275,TRUE,FALSE,FALSE,TRUE
AZ,01,Tom O'Halleran,(D-inc),397,0,0,154,1735,1125,0,3,H6AZ01199,C00582890,TRUE,FALSE,TRUE,FALSE
AZ,01,Wendy Rogers,(R),175,0,0,95,415,281,1,0,H2AZ09035,C00510958,FALSE,FALSE,FALSE,TRUE
AZ,01,Tiffany Shedd,(R),97,5,9,117,272,245,20,0,H8AZ01237,C00657155,FALSE,FALSE,FALSE,TRUE
AZ,01,Steve Smith,(R),85,0,0,71,392,259,0,0,H8AZ01229,C00641431,FALSE,FALSE,FALSE,TRUE
AZ,02,Ann Kirkpatrick,(D),475,0,0,458,1682,837,3,34,H8AZ02151,C00651042,FALSE,FALSE,TRUE,FALSE
AZ,02,Matt Heinz,(D),100,4,100,140,478,494,25,0,H8AZ02136,C00647727,FALSE,FALSE,TRUE,FALSE
AZ,02,Mary Matiella,(D),38,8,0,40,233,67,14,0,H8AZ02144,C00648014,FALSE,FALSE,TRUE,FALSE
AZ,02,Lea Peterson,(R),185,0,20,124,676,509,0,0,H8AZ02185,C00663054,FALSE,FALSE,FALSE,TRUE
AZ,06,Heather Ross,(D),123,0,0,118,346,78,7,0,H8AZ06095,C00651752,FALSE,FALSE,TRUE,FALSE
AZ,06,David Schweikert,(R-inc),319,0,0,149,1019,538,0,18,H4AZ06045,C00540617,TRUE,FALSE,FALSE,TRUE
AZ,07,Ruben Gallego,(D-inc),176,0,0,103,799,734,0,0,H4AZ07043,C00558627,TRUE,FALSE,TRUE,FALSE
AZ,07,Catherine Miranda,(D),NA,NA,NA,NA,NA,NA,NA,NA,H8AZ07044,C00664490,FALSE,FALSE,TRUE,FALSE
AZ,08,Hiral Tipirneni,(D),263,0,0,74,287,300,0,0,H8AZ08083,C00649897,FALSE,FALSE,TRUE,FALSE
AZ,08,Debbie Lesko,(R-inc),124,0,0,56,134,157,0,0,H8AZ08158,C00663914,TRUE,FALSE,FALSE,TRUE
AZ,09,Greg Stanton,(D),466,0,0,178,1515,1165,0,1,H8AZ09040,C00657304,FALSE,FALSE,TRUE,FALSE
AZ,09,Steve Ferrara,(R),219,1,65,77,907,735,12,0,H8AZ09024,C00640268,FALSE,FALSE,FALSE,TRUE
CA,01,Audrey Denney,(D),213,0,9,161,323,140,0,0,H8CA01257,C00664409,FALSE,FALSE,TRUE,FALSE
CA,01,Doug LaMalfa,(R-inc),163,0,0,33,589,414,0,0,H2CA02142,C00509422,TRUE,FALSE,FALSE,TRUE
CA,04,Jessica Morse,(D),543,0,0,722,1420,536,0,2,H8CA04210,C00650408,FALSE,FALSE,TRUE,FALSE
CA,04,Tom McClintock,(R-inc),223,0,0,234,1203,671,0,0,H8CA04152,C00446815,TRUE,FALSE,FALSE,TRUE
CA,07,Ami Bera,(D-inc),495,0,0,124,2233,1741,0,0,H0CA03078,C00461061,TRUE,FALSE,TRUE,FALSE
CA,07,Andrew Grant,(R),81,0,0,89,372,72,0,0,H8CA07056,C00649400,FALSE,FALSE,FALSE,TRUE
CA,08,Paul Cook,(R-inc),199,0,0,534,749,545,0,0,H2CA08164,C00512202,TRUE,FALSE,FALSE,TRUE
CA,08,Tim Donnelly,(R),35,0,0,48,104,9,0,0,H6CA08207,C00658021,FALSE,FALSE,FALSE,TRUE
CA,10,Josh Harder,(D),1243,0,0,1001,2477,1059,0,2,H8CA10126,C00639146,FALSE,FALSE,TRUE,FALSE
CA,10,Jeff Denham,(R-inc),787,0,0,761,3021,2394,0,163,H0CA19173,C00473272,TRUE,FALSE,FALSE,TRUE
CA,16,Jim Costa,(D-inc),256,0,0,213,1148,1151,0,0,H4CA20082,C00391029,TRUE,FALSE,TRUE,FALSE
CA,16,Elizabeth Heng,(R),191,3,0,184,309,115,3,0,H8CA16065,C00670257,FALSE,FALSE,FALSE,TRUE
CA,21,T.J. Cox,(D),698,0,0,163,1027,951,8,28,H8CA10167,C00648956,FALSE,FALSE,TRUE,FALSE
CA,21,David Valadao,(R-inc),523,0,0,179,1959,1625,0,91,H2CA20094,C00499392,TRUE,FALSE,FALSE,TRUE
CA,22,Andrew Janz,(D),1457,0,0,943,2848,1124,0,0,H8CA22139,C00638510,FALSE,FALSE,TRUE,FALSE
CA,22,Devin Nunes,(R-inc),4827,0,0,3094,3612,6109,0,8,H8CA20059,C00370056,TRUE,FALSE,FALSE,TRUE
CA,24,Salud Carbajal,(D-inc),320,0,0,207,2212,1564,0,0,H6CA24303,C00576041,TRUE,FALSE,TRUE,FALSE
CA,24,Justin Fareed,(R),225,0,0,297,755,246,0,0,H4CA24142,C00572560,FALSE,FALSE,FALSE,TRUE
CA,25,Katie Hill,(D),1316,1,0,985,2383,853,11,11,H8CA25074,C00634212,FALSE,FALSE,TRUE,FALSE
CA,25,Steve Knight,(R-inc),443,0,0,180,1468,1301,0,84,H4CA25123,C00554014,TRUE,FALSE,FALSE,TRUE
CA,31,Pete Aguilar,(D-inc),347,0,0,237,2066,2057,0,0,H2CA31125,C00510461,TRUE,FALSE,TRUE,FALSE
CA,31,Sean Masaki Flynn,(R),89,11,150,141,249,305,92,0,H6CA31134,C00602722,FALSE,FALSE,FALSE,TRUE
CA,36,Raul Ruiz,(D-inc),430,0,0,244,2573,2443,0,0,H2CA36439,C00502575,TRUE,FALSE,TRUE,FALSE
CA,36,Kimberlin Pelzer,(R),212,0,0,244,477,142,0,0,H8CA36170,C00657676,FALSE,FALSE,FALSE,TRUE
CA,39,Gil Cisneros,(D),495,0,2500,3255,814,760,53,33,H8CA39174,C00650648,FALSE,FALSE,TRUE,FALSE
CA,39,Young Kim,(R),672,0,0,833,1279,305,0,0,H8CA39240,C00665638,FALSE,FALSE,FALSE,TRUE
CA,45,Katie Porter,(D),1045,0,0,842,2008,781,0,31,H8CA45130,C00636571,FALSE,FALSE,TRUE,FALSE
CA,45,Mimi Walters,(R-inc),701,0,0,854,1858,1524,0,239,H4CA45097,C00546853,TRUE,FALSE,FALSE,TRUE
CA,48,Harley Rouda,(D),770,0,550,1518,1427,483,56,0,H8CA48035,C00633982,FALSE,FALSE,TRUE,FALSE
CA,48,Dana Rohrabacher,(R-inc),282,0,0,706,1601,479,0,0,H8CA42061,C00224691,TRUE,FALSE,FALSE,TRUE
CA,49,Mike Levin,(D),1034,1,0,712,2579,850,12,0,H8CA49058,C00634253,FALSE,FALSE,TRUE,FALSE
CA,49,Diane Harkey,(R),318,2,70,398,600,170,2,0,H8CA49082,C00665513,FALSE,FALSE,FALSE,TRUE
CA,50,Ammar Campa-Najjar,(D),356,0,0,406,1063,280,0,0,H8CA50098,C00635888,FALSE,FALSE,TRUE,FALSE
CA,50,Duncan Hunter,(R-inc),182,0,0,128,821,352,0,0,H8CA52052,C00433524,TRUE,FALSE,FALSE,TRUE
CO,03,Diane Mitsch Bush,(D),276,1,0,245,623,196,18,0,H8CO03192,C00649459,FALSE,FALSE,TRUE,FALSE
CO,03,Scott Tipton,(R-inc),287,0,0,102,997,775,0,0,H6CO03139,C00470757,TRUE,FALSE,FALSE,TRUE
CO,06,Jason Crow,(D),1005,0,0,591,1765,1295,0,341,H8CO06229,C00637363,FALSE,FALSE,TRUE,FALSE
CO,06,Mike Coffman,(R-inc),627,0,0,185,2227,1612,0,4,H8CO06138,C00629287,TRUE,FALSE,FALSE,TRUE
CT,04,Jim Himes,(D-inc),378,0,0,79,1454,2929,0,0,H8CT04172,C00434191,TRUE,FALSE,TRUE,FALSE
CT,04,Harry Arora,(R),29,0,0,54,221,622,0,0,H8CT04214,C00664151,FALSE,FALSE,FALSE,TRUE
CT,05,Mary Glassman,(D),377,3,0,110,377,270,3,0,H8CT05195,C00675678,FALSE,FALSE,TRUE,FALSE
CT,05,Jahana Hayes,(D),295,0,0,41,295,254,0,0,H8CT05245,C00677898,FALSE,FALSE,TRUE,FALSE
CT,05,Rich Dupont,(R),35,0,45,23,35,56,0,0,H8CT05229,C00680785,FALSE,FALSE,FALSE,TRUE
CT,05,Ruby O'Neill,(R),30,0,81,8,30,103,0,0,H8CT05237,C00677880,FALSE,FALSE,FALSE,TRUE
CT,05,Manny Santos,(R),7,0,0,16,22,5,0,0,H8CT05187,C00673467,FALSE,FALSE,FALSE,TRUE
FL,03,Ted Yoho,(R-inc),140,0,0,60,596,431,0,0,NA,NA,TRUE,FALSE,FALSE,TRUE
FL,03,Judson Sapp,(R),8,165,0,63,41,133,190,0,H8FL03046,C00665885,FALSE,FALSE,FALSE,TRUE
FL,05,Al Lawson,(D-inc),137,0,0,77,456,219,0,0,H0FL02086,C00460261,TRUE,FALSE,TRUE,FALSE
FL,05,Alvin Brown,(D),165,0,0,149,326,144,0,0,H8FL05140,C00667758,FALSE,FALSE,TRUE,FALSE
FL,06,Nancy Soderberg,(D),539,0,0,153,1459,982,0,0,H8FL06098,C00649798,FALSE,FALSE,TRUE,FALSE
FL,06,Stephen Sevigny,(D),99,155,100,215,273,366,181,0,H8FL06155,C00666735,FALSE,FALSE,TRUE,FALSE
FL,06,John Upchurch,(D),54,15,40,61,200,172,18,0,H8FL06130,C00667675,FALSE,FALSE,TRUE,FALSE
FL,06,Michael Waltz,(R),302,0,0,339,587,617,0,22,H8FL06148,C00666396,FALSE,FALSE,FALSE,TRUE
FL,06,John Ward,(R),89,0,50,381,386,467,59,0,H8FL06122,C00657841,FALSE,FALSE,FALSE,TRUE
FL,06,Fred Costello,(R),43,0,100,107,78,51,0,0,H6FL06183,C00607531,FALSE,FALSE,FALSE,TRUE
FL,07,Stephanie Murphy,(D-inc),551,0,0,195,2289,1638,0,0,H6FL07140,C00620443,TRUE,FALSE,TRUE,FALSE
FL,07,Scott Sturgill,(R),125,0,0,154,495,338,0,0,H8FL07070,C00651026,FALSE,FALSE,FALSE,TRUE
FL,07,Mike Miller,(R),113,0,100,105,408,380,0,0,H8FL07062,C00648816,FALSE,FALSE,FALSE,TRUE
FL,09,Darren Soto,(D-inc),382,0,0,155,952,590,0,0,H6FL09179,C00581074,TRUE,FALSE,TRUE,FALSE
FL,09,Alan Grayson,(D),163,0,0,138,726,677,0,0,H6FL08213,C00424713,FALSE,FALSE,TRUE,FALSE
FL,12,Chris Hunter,(D),180,0,0,88,422,287,1,0,H8FL12088,C00664417,FALSE,FALSE,TRUE,FALSE
FL,12,Gus Bilirakis,(R-inc),355,0,0,210,1326,638,0,1,H6FL09070,C00408534,TRUE,FALSE,FALSE,TRUE
FL,15,Kristen Carlson,(D),171,26,50,54,171,193,26,0,H8FL15271,C00677096,FALSE,FALSE,TRUE,FALSE
FL,15,Andrew Learned,(D),101,0,0,74,221,65,0,0,H8FL15180,C00646455,FALSE,FALSE,TRUE,FALSE
FL,15,Neil Combee,(R),129,0,0,42,129,86,0,0,H8FL15222,C00676502,FALSE,FALSE,FALSE,TRUE
FL,15,Ross Spano,(R),112,0,45,49,112,108,0,0,H8FL15230,C00676668,FALSE,FALSE,FALSE,TRUE
FL,15,Paul Harper,(R),67,6,10,39,67,43,6,0,H8FL15263,C00677583,FALSE,FALSE,FALSE,TRUE
FL,15,Danny Kushmer,(R),24,0,52,22,24,54,0,0,H8FL15248,C00676841,FALSE,FALSE,FALSE,TRUE
FL,15,Ed Shoemaker,(R),17,0,0,14,17,3,0,0,H8FL15214,C00676189,FALSE,FALSE,FALSE,TRUE
FL,16,David Shapiro,(D),406,0,0,119,1008,785,0,0,H8FL16055,C00658419,FALSE,FALSE,TRUE,FALSE
FL,16,Vern Buchanan,(R-inc),396,0,250,723,1876,2492,0,0,H6FL13148,C00412759,TRUE,FALSE,FALSE,TRUE
FL,17,Greg Steube,(R),337,0,0,80,386,313,0,0,H8FL17053,C00671891,FALSE,FALSE,FALSE,TRUE
FL,17,Julio Gonzalez,(R),233,0,0,115,315,349,2,0,H8FL17046,C00671537,FALSE,FALSE,FALSE,TRUE
FL,18,Lauren Baer,(D),519,0,0,188,1550,1040,12,0,H8FL18028,C00652594,FALSE,FALSE,TRUE,FALSE
FL,18,Pam Keith,(D),125,0,0,107,386,68,0,0,H8FL18010,C00650234,FALSE,FALSE,TRUE,FALSE
FL,18,Brian Mast,(R-inc),1008,0,0,555,3497,1980,0,143,H6FL18097,C00632257,TRUE,FALSE,FALSE,TRUE
FL,23,Debbie Wasserman Schultz,(D-inc),336,0,0,218,1521,545,0,12,H4FL20023,C00385773,TRUE,FALSE,TRUE,FALSE
FL,23,Tim Canova,(I),94,0,5,101,292,9,0,0,H6FL23063,C00602920,FALSE,TRUE,FALSE,FALSE
FL,23,Carla Spalding,(R),236,0,0,266,502,55,0,0,H8FL23044,C00581330,FALSE,FALSE,FALSE,TRUE
FL,25,Mary Barzee Flores,(D),444,0,0,199,1168,642,0,4,H8FL27086,C00651471,FALSE,FALSE,TRUE,FALSE
FL,25,Mario Diaz-Balart,(R-inc),507,0,0,74,1629,1613,0,0,H2FL25018,C00376087,TRUE,FALSE,FALSE,TRUE
FL,26,Debbie Mucarsel-Powell,(D),732,0,0,169,1387,1264,1,266,H8FL26039,C00652065,FALSE,FALSE,TRUE,FALSE
FL,26,Carlos Curbelo,(R-inc),758,0,0,259,2952,2601,0,75,H4FL26038,C00546846,TRUE,FALSE,FALSE,TRUE
FL,27,Donna Shalala,(D),765,0,0,741,1404,1131,34,1,H8FL27193,C00672311,FALSE,FALSE,TRUE,FALSE
FL,27,David Richardson,(D),407,3,0,730,1336,762,9,0,H8FL27060,C00649087,FALSE,FALSE,TRUE,FALSE
FL,27,Matt Haggman,(D),86,3,0,214,1227,746,8,0,H8FL27136,C00651851,FALSE,FALSE,TRUE,FALSE
FL,27,Kristen Rosen Gonzales,(D),55,0,0,110,391,81,3,0,H8FL27029,C00637546,FALSE,FALSE,TRUE,FALSE
FL,27,Angie Chirino,(R),NA,NA,NA,NA,NA,NA,NA,NA,H8FL27177,C00664763,FALSE,FALSE,FALSE,TRUE
FL,27,Maria Elvira Salazar,(R),330,0,10,49,633,578,0,0,H8FL27185,C00671859,FALSE,FALSE,FALSE,TRUE
FL,27,Bruno Barreiro,(R),34,0,0,275,572,180,0,0,H8FL27037,C00639807,FALSE,FALSE,FALSE,TRUE
GA,06,Kevin Abel,(D),331,0,0,521,641,138,0,0,H8GA06377,C00658625,FALSE,FALSE,TRUE,FALSE
GA,06,Lucy Mcbath,(D),260,0,1,147,307,151,0,0,H8GA06393,C00672295,FALSE,FALSE,TRUE,FALSE
GA,06,Karen Handel,(R-inc),366,0,0,151,1113,1003,0,26,H8GA06286,C00633362,TRUE,FALSE,FALSE,TRUE
GA,07,Carolyn Bordeaux,(D),378,0,0,557,845,98,4,0,H8GA07201,C00649376,FALSE,FALSE,TRUE,FALSE
GA,07,David Kim,(D),44,0,616,760,257,86,228,0,H8GA07151,C00647131,FALSE,FALSE,TRUE,FALSE
GA,07,Rob Woodall,(R-inc),184,0,0,128,736,529,0,0,H0GA07133,C00482307,TRUE,FALSE,FALSE,TRUE
HI,01,Doug Chin,(D),248,0,0,150,495,276,0,0,H8HI01200,C00663591,FALSE,FALSE,TRUE,FALSE
HI,01,Donna Mercado Kim,(D),228,1,0,350,628,260,1,0,H4HI01167,C00659714,FALSE,FALSE,TRUE,FALSE
HI,01,Kaniela Ing,(D),202,0,0,39,377,263,0,0,H8HI01192,C00659615,FALSE,FALSE,TRUE,FALSE
HI,01,Ed Case,(D),123,0,150,159,123,114,0,0,H8HI01234,C00680918,FALSE,FALSE,TRUE,FALSE
HI,01,Ernie Martin,(D),89,0,0,66,356,276,0,0,H8HI01218,C00665034,FALSE,FALSE,TRUE,FALSE
HI,01,Beth Fukumoto,(D),69,0,0,56,69,13,0,0,H8HI01226,C00675025,FALSE,FALSE,TRUE,FALSE
HI,02,Tulsi Gabbard,(D-inc),162,0,0,113,1216,2279,0,0,H2HI02508,C00497396,TRUE,FALSE,TRUE,FALSE
IA,01,Abby Finkenauer,(D),769,0,0,659,1772,839,0,36,H8IA01094,C00637074,FALSE,FALSE,TRUE,FALSE
IA,01,Rod Blum,(R-inc),394,0,0,60,1114,1607,0,123,H2IA01055,C00543926,TRUE,FALSE,FALSE,TRUE
IA,02,Dave Loebsack,(D-inc),291,0,0,89,1549,1992,0,0,H6IA02146,C00414318,TRUE,FALSE,TRUE,FALSE
IA,02,Christopher Peters,(R),61,0,10,69,125,28,0,0,H6IA02161,C00662395,FALSE,FALSE,FALSE,TRUE
IA,03,Cindy Axne,(D),657,1,0,439,1050,465,7,0,H8IA03124,C00646844,FALSE,FALSE,TRUE,FALSE
IA,03,David Young,(R-inc),538,0,0,143,1421,1435,5,180,H4IA03115,C00545616,TRUE,FALSE,FALSE,TRUE
IA,04,J.D. Scholten,(D),326,0,11,345,747,255,0,0,H8IA04106,C00650622,FALSE,FALSE,TRUE,FALSE
IA,04,Steve King,(R-inc),138,0,0,97,509,118,0,0,H2IA05072,C00373563,TRUE,FALSE,FALSE,TRUE
IL,06,Sean Casten,(D),812,0,0,350,1354,647,0,25,H8IL06139,C00648493,FALSE,FALSE,TRUE,FALSE
IL,06,Peter Roskam,(R-inc),952,0,0,863,4377,2338,0,19,H6IL06117,C00410969,TRUE,FALSE,FALSE,TRUE
IL,12,Brendan Kelly,(D),528,0,0,710,1585,778,4,86,H8IL12129,C00649558,FALSE,FALSE,TRUE,FALSE
IL,12,Mike Bost,(R-inc),408,0,0,206,1768,1336,0,73,H4IL12060,C00546499,TRUE,FALSE,FALSE,TRUE
IL,13,Betsy Londrigan,(D),563,0,0,125,1271,659,15,55,H8IL13150,C00649483,FALSE,FALSE,TRUE,FALSE
IL,13,Rodney Davis,(R-inc),506,0,0,274,2367,1592,0,0,H2IL13120,C00521948,TRUE,FALSE,FALSE,TRUE
IL,14,Lauren Underwood,(D),538,0,0,118,1005,652,9,65,H8IL14174,C00652719,FALSE,FALSE,TRUE,FALSE
IL,14,Randy Hultgren,(R-inc),386,0,0,146,1435,1020,0,0,H0IL14080,C00467522,TRUE,FALSE,FALSE,TRUE
IN,02,Mel Hall,(D),186,0,450,601,596,479,22,0,H8IN02169,C00657635,FALSE,FALSE,TRUE,FALSE
IN,02,Jackie Walorski,(R-inc),435,0,0,191,1876,1305,0,0,H0IN02190,C00468579,TRUE,FALSE,FALSE,TRUE
IN,03,Courtney Tritch,(D),180,0,0,83,493,311,1,0,H8IN03076,C00648055,FALSE,FALSE,TRUE,FALSE
IN,03,Jim Banks,(R-inc),192,0,0,107,827,502,0,0,H6IN03229,C00577999,TRUE,FALSE,FALSE,TRUE
IN,09,Liz Watson,(D),493,0,5,389,1042,471,2,0,H8IN09107,C00651331,FALSE,FALSE,TRUE,FALSE
IN,09,Trey Hollingsworth,(R-inc),252,0,0,53,1165,609,1,0,H6IN09176,C00590463,TRUE,FALSE,FALSE,TRUE
KS,02,Paul Davis,(D),429,0,0,204,1463,894,8,35,H8KS02173,C00653121,FALSE,FALSE,TRUE,FALSE
KS,02,Dennis Pyle,(R),134,0,0,13,134,121,0,0,H8KS02249,C00678904,FALSE,FALSE,FALSE,TRUE
KS,02,Caryn Tyson,(R),56,13,50,51,251,400,13,0,H8KS02157,C00654830,FALSE,FALSE,FALSE,TRUE
KS,02,Steve Fitzgerald,(R),30,0,0,42,145,291,0,0,H8KS02140,C00636779,FALSE,FALSE,FALSE,TRUE
KS,02,Steve Watkins,(R),27,0,300,169,112,376,0,0,H8KS02199,C00660050,FALSE,FALSE,FALSE,TRUE
KS,02,Kevin Jones,(R),9,30,0,25,23,62,0,0,H8KS02181,C00654004,FALSE,FALSE,FALSE,TRUE
KS,02,Doug Mays,(R),7,0,101,86,7,22,0,0,H8KS02231,C00678516,FALSE,FALSE,FALSE,TRUE
KS,03,Brent Welder,(D),179,0,0,87,618,399,0,0,H8KS03122,C00651158,FALSE,FALSE,TRUE,FALSE
KS,03,Tom Niermann,(D),174,0,0,108,694,385,0,0,H8KS03114,C00649491,FALSE,FALSE,TRUE,FALSE
KS,03,Sharice Davids,(D),171,0,0,147,299,146,0,0,H8KS03155,C00670034,FALSE,FALSE,TRUE,FALSE
KS,03,Sylvia Williams,(D),35,0,0,59,53,233,0,0,H8KS03163,C00670935,FALSE,FALSE,TRUE,FALSE
KS,03,Mike McCamon,(D),14,0,0,23,28,137,1,0,H8KS03148,C00668160,FALSE,FALSE,TRUE,FALSE
KS,03,Jay Sidie,(D),3,0,0,16,40,7,0,0,H6KS03241,C00617761,FALSE,FALSE,TRUE,FALSE
KS,03,Kevin Yoder,(R-inc),442,0,0,556,2549,1869,0,0,H0KS03137,C00472365,TRUE,FALSE,FALSE,TRUE
KS,04,James Thompson,(D),71,0,0,47,1082,41,0,0,H8KS04120,C00631572,FALSE,FALSE,TRUE,FALSE
KS,04,Ron Estes,(R-inc),197,0,0,84,1382,577,0,0,H8KS04112,C00632067,TRUE,FALSE,FALSE,TRUE
KY,03,John Yarmuth,(D-inc),243,0,0,53,423,543,0,0,H6KY03124,C00419630,TRUE,FALSE,TRUE,FALSE
KY,03,Vickie Yates Brown Glisson,(R),274,5,0,104,441,357,5,0,H8KY03211,C00668699,FALSE,FALSE,FALSE,TRUE
KY,06,Amy McGrath,(D),1226,0,0,1116,2852,734,4,38,H8KY06164,C00646745,FALSE,FALSE,TRUE,FALSE
KY,06,Andy Barr,(R-inc),907,0,0,363,2861,2768,0,100,H0KY06104,C00467571,TRUE,FALSE,FALSE,TRUE
MA,03,Daniel Koh,(D),472,0,0,774,2940,1700,0,0,H8MA03072,C00654509,FALSE,FALSE,TRUE,FALSE
MA,03,Rufus Gifford,(D),384,0,70,599,1261,358,13,0,H8MA03171,C00660381,FALSE,FALSE,TRUE,FALSE
MA,03,Lori Trahan,(D),231,0,50,174,1034,812,0,0,H8MA03106,C00655647,FALSE,FALSE,TRUE,FALSE
MA,03,Barbara L'Italien,(D),152,0,0,214,631,339,0,0,H8MA03197,C00661173,FALSE,FALSE,TRUE,FALSE
MA,03,Juana Matias,(D),151,0,0,112,472,243,0,0,H8MA03122,C00657213,FALSE,FALSE,TRUE,FALSE
MA,03,Abhijit Das,(D),33,0,0,32,254,441,0,0,H8MA03130,C00657445,FALSE,FALSE,TRUE,FALSE
MA,03,Alexandra Chandler,(D),23,0,0,41,106,18,3,0,H8MA03163,C00660597,FALSE,FALSE,TRUE,FALSE
MA,03,Rick Green,(R),151,0,50,107,611,493,0,0,H8MA03114,C00657098,FALSE,FALSE,FALSE,TRUE
MA,07,Mike Capuano,(D-inc),675,0,0,363,1514,1465,0,0,H8MA08071,C00336388,TRUE,FALSE,TRUE,FALSE
MA,07,Ayanna Pressley,(D),360,0,0,270,724,347,0,0,H8MA07032,C00667741,FALSE,FALSE,TRUE,FALSE
MA,09,Bill Keating,(D-inc),202,0,0,71,932,1411,0,0,H0MA10082,C00479063,TRUE,FALSE,TRUE,FALSE
MA,09,Peter Tedeschi,(R),182,0,50,157,462,289,0,0,H8MA09046,C00658492,FALSE,FALSE,FALSE,TRUE
MD,01,Jesse Colvin,(D),241,0,0,385,691,188,0,0,H8MD01193,C00657650,FALSE,FALSE,TRUE,FALSE
MD,01,Andy Harris,(R-inc),253,0,0,129,1200,1389,0,0,H8MD01094,C00435974,TRUE,FALSE,FALSE,TRUE
ME,02,Jared Golden,(D),560,0,0,509,1090,357,1,31,H8ME02185,C00653816,FALSE,FALSE,TRUE,FALSE
ME,02,Bruce Poliquin,(R-inc),557,0,0,90,3040,2676,6,0,H4ME02234,C00518654,TRUE,FALSE,FALSE,TRUE
MI,01,Matt Morgan,(D),180,0,1,112,659,386,42,0,H8MI01149,C00636324,FALSE,FALSE,TRUE,FALSE
MI,01,Jack Bergman,(R-inc),235,0,0,61,943,480,0,0,H6MI01226,C00614214,TRUE,FALSE,FALSE,TRUE
MI,02,Robert Davidson,(D),182,13,0,48,403,323,21,0,H8MI02113,C00638254,FALSE,FALSE,TRUE,FALSE
MI,02,Bill Huizenga,(R-inc),480,0,0,228,1543,662,0,10,H0MI02094,C00459297,TRUE,FALSE,FALSE,TRUE
MI,06,George Franklin,(D),166,0,0,289,601,260,0,0,H8MI06163,C00656744,FALSE,FALSE,TRUE,FALSE
MI,06,Matt Longjohn,(D),134,15,0,173,563,261,62,0,H8MI06155,C00650689,FALSE,FALSE,TRUE,FALSE
MI,06,Fred Upton,(R-inc),685,0,0,138,2155,1661,0,0,H6MI04113,C00200584,TRUE,FALSE,FALSE,TRUE
MI,07,Gretchen Driskell,(D),405,0,0,130,1218,897,50,0,H6MI07223,C00572859,FALSE,FALSE,TRUE,FALSE
MI,07,Tim Walberg,(R-inc),304,0,0,121,1526,1154,0,0,H4MI07103,C00390724,TRUE,FALSE,FALSE,TRUE
MI,08,Elissa Slotkin,(D),1144,0,0,237,2315,2248,0,327,H8MI08102,C00650150,FALSE,FALSE,TRUE,FALSE
MI,08,Mike Bishop,(R-inc),585,0,0,202,2130,1688,0,0,H4MI08135,C00561001,TRUE,FALSE,FALSE,TRUE
MI,09,Andy Levin,(D),353,0,0,325,864,431,0,0,H8MI09118,C00662619,FALSE,FALSE,TRUE,FALSE
MI,09,Ellen Lipton,(D),251,0,290,323,742,625,10,0,H8MI09134,C00664599,FALSE,FALSE,TRUE,FALSE
MI,11,Tim Greimel,(D),262,0,0,199,815,456,0,0,H8MI11338,C00659318,FALSE,FALSE,TRUE,FALSE
MI,11,Suneel Gupta,(D),250,0,150,237,1176,800,5,0,H8MI11346,C00662213,FALSE,FALSE,TRUE,FALSE
MI,11,Haley Stevens,(D),166,0,0,388,999,340,0,0,H8MI11254,C00638650,FALSE,FALSE,TRUE,FALSE
MI,11,Fayrouz Saad,(D),121,0,0,95,628,314,7,0,H8MI11262,C00650804,FALSE,FALSE,TRUE,FALSE
MI,11,Klint Kesto,(R),166,0,0,262,46,20,0,0,H8MI11270,C00655548,FALSE,FALSE,FALSE,TRUE
MI,11,Lena Epstein,(R),142,0,0,518,628,658,0,0,H8MI11320,C00641498,FALSE,FALSE,FALSE,TRUE
MI,11,Mike Kowall,(R),112,0,0,108,186,138,0,0,H8MI11361,C00668475,FALSE,FALSE,FALSE,TRUE
MI,11,Rocky Raczkowski,(R),14,0,10,50,108,145,0,0,H8MI11288,C00657106,FALSE,FALSE,FALSE,TRUE
MI,11,Kerry Bentivolio,(R),7,0,2,8,31,0,0,0,H2MI11133,C00656033,FALSE,FALSE,FALSE,TRUE
MI,13,Shanelle Jackson,(D),NA,NA,NA,NA,NA,NA,NA,NA,H8MI13292,C00671560,FALSE,FALSE,TRUE,FALSE
MI,13,Rashida Tlaib,(D),297,0,0,534,859,219,0,0,H8MI13250,C00668608,FALSE,FALSE,TRUE,FALSE
MI,13,Bill Wild,(D),253,0,0,275,387,100,0,0,H8MI13276,C00670679,FALSE,FALSE,TRUE,FALSE
MI,13,Brenda Jones,(D),128,0,0,109,167,54,0,0,H8MI13243,C00668137,FALSE,FALSE,TRUE,FALSE
MI,13,Ian Conyers,(D),92,2,0,89,173,61,8,0,H8MI13284,C00662981,FALSE,FALSE,TRUE,FALSE
MI,13,Coleman Young,(D),9,0,6,12,9,6,0,0,H8MI13318,C00665869,FALSE,FALSE,TRUE,FALSE
MI,13,John Conyers III,(I),NA,NA,NA,NA,NA,NA,NA,NA,H8MI13235,C00667105,FALSE,TRUE,FALSE,FALSE
MN,01,Dan Feehan,(D),430,0,0,146,832,631,1,51,H8MN01279,C00649327,FALSE,FALSE,TRUE,FALSE
MN,01,Carla Nelson,(R),113,4,0,97,387,236,10,0,H6MN02131,C00575209,FALSE,FALSE,FALSE,TRUE
MN,01,Jim Hagedorn,(R),172,0,0,111,807,390,0,0,NA,NA,FALSE,FALSE,FALSE,TRUE
MN,02,Angie Craig,(D),1029,4,0,225,1766,1557,28,308,NA,NA,FALSE,FALSE,TRUE,FALSE
MN,02,Jason Lewis,(R-inc),539,0,0,135,1692,1288,0,122,H6MN02149,C00589234,TRUE,FALSE,FALSE,TRUE
MN,03,Dean Phillips,(D),658,4,0,434,2238,923,29,11,H8MN03143,C00640714,FALSE,FALSE,TRUE,FALSE
MN,03,Erik Paulsen,(R-inc),1055,0,0,246,3552,2810,0,117,H8MN03077,C00439661,TRUE,FALSE,FALSE,TRUE
MN,05,Ilhan Omar,(D),177,0,0,16,177,151,0,0,H8MN05239,C00680934,FALSE,FALSE,TRUE,FALSE
MN,05,Margaret Kelliher,(D),131,1,0,3,131,128,1,0,H8MN05221,C00680553,FALSE,FALSE,TRUE,FALSE
MN,05,Patricia Ray,(D),46,2,0,3,46,45,2,0,H8MN05247,C00681296,FALSE,FALSE,TRUE,FALSE
MN,05,Jamal Abdulahi,(D),8,0,0,6,8,13,0,0,H8MN05163,C00682351,FALSE,FALSE,TRUE,FALSE
MN,07,Collin Peterson,(D-inc),233,0,0,64,966,1212,0,0,H2MN07014,C00253187,TRUE,FALSE,TRUE,FALSE
MN,07,Dave Hughes,(R),44,0,0,34,95,29,0,0,H6MN07304,C00610071,FALSE,FALSE,FALSE,TRUE
MN,08,Joe Radinovich,(D),176,0,0,125,284,146,0,0,H8MN08068,C00671032,FALSE,FALSE,TRUE,FALSE
MN,08,Jason Metsa,(D),100,0,0,92,232,125,0,0,H8MN08084,C00672345,FALSE,FALSE,TRUE,FALSE
MN,08,Michelle Lee,(D),22,0,0,21,51,16,0,0,H8MN08076,C00671081,FALSE,FALSE,TRUE,FALSE
MN,08,Kirsten Kennedy,(D),7,0,0,5,7,3,0,0,H8MN08092,C00670927,FALSE,FALSE,TRUE,FALSE
MN,08,Pete Stauber,(R),305,0,0,183,831,414,0,0,H8MN08043,C00650697,FALSE,FALSE,FALSE,TRUE
MO,02,Cort VanOstran,(D),312,1,0,112,822,541,12,0,H8MO02208,C00650440,FALSE,FALSE,TRUE,FALSE
MO,02,Ann Wagner,(R-inc),211,0,0,213,2551,3388,0,0,H2MO02102,C00495846,TRUE,FALSE,FALSE,TRUE
MT,AL,Kathleen Williams,(D),571,0,0,248,786,462,0,0,H8MT01232,C00659177,FALSE,FALSE,TRUE,FALSE
MT,AL,Greg Gianforte,(R-inc),802,0,0,384,2019,1373,0,8,H8MT01182,C00631945,TRUE,FALSE,FALSE,TRUE
NC,02,Linda Coleman,(D),171,0,0,97,298,157,0,0,H8NC02110,C00658286,FALSE,FALSE,TRUE,FALSE
NC,02,George Holding,(R-inc),400,0,0,496,1794,253,0,18,H2NC13110,C00499236,TRUE,FALSE,FALSE,TRUE
NC,07,Lauren Horton,(D),100,0,0,79,343,101,0,0,H8NC07101,C00639773,FALSE,FALSE,TRUE,FALSE
NC,07,David Rouzer,(R-inc),235,0,0,88,1169,1379,0,0,H2NC07096,C00501643,TRUE,FALSE,FALSE,TRUE
NC,08,Frank McNeill,(D),118,0,0,242,359,70,0,0,H8NC08083,C00663849,FALSE,FALSE,TRUE,FALSE
NC,08,Richard Hudson,(R-inc),339,0,0,119,1712,1131,0,3,H2NC08185,C00504522,TRUE,FALSE,FALSE,TRUE
NC,09,Dan McCready,(D),828,1,0,344,2400,1804,39,50,H8NC09123,C00641381,FALSE,FALSE,TRUE,FALSE
NC,09,Mark Harris,(R),400,1,0,194,924,296,4,0,H8NC09131,C00649236,FALSE,FALSE,FALSE,TRUE
NC,13,Kathy Manning,(D),727,21,0,405,1860,1345,72,0,H8NC13067,C00662577,FALSE,FALSE,TRUE,FALSE
NC,13,Ted Budd,(R-inc),373,0,0,89,1152,779,0,0,H6NC13129,C00614776,TRUE,FALSE,FALSE,TRUE
ND,AL,Mac Schneider,(D),218,0,0,54,346,282,0,0,H8ND00112,C00673533,FALSE,FALSE,TRUE,FALSE
ND,AL,Kelly Armstrong,(R),381,0,200,410,738,407,2,0,H8ND00096,C00670547,FALSE,FALSE,FALSE,TRUE
NE,02,Kara Eastman,(D),461,0,0,276,778,258,5,0,H8NE02220,C00639310,FALSE,FALSE,TRUE,FALSE
NE,02,Don Bacon,(R-inc),483,0,0,192,1726,1067,2,132,H6NE02125,C00575167,TRUE,FALSE,FALSE,TRUE
NH,01,Maura Sullivan,(D),604,0,0,208,1477,1091,0,42,H8NH01186,C00658724,FALSE,FALSE,TRUE,FALSE
NH,01,Chris Pappas,(D),233,8,0,139,655,440,11,0,H8NH01210,C00660464,FALSE,FALSE,TRUE,FALSE
NH,01,Deaglan McEachern,(D),75,5,0,107,208,67,6,0,H8NH01251,C00665364,FALSE,FALSE,TRUE,FALSE
NH,01,Naomi Andrews,(D),64,0,0,16,64,48,0,0,H8NH01285,C00678532,FALSE,FALSE,TRUE,FALSE
NH,01,Mindi Messmer,(D),38,0,13,49,74,19,0,0,H8NH01202,C00660431,FALSE,FALSE,TRUE,FALSE
NH,01,Lincoln Soldati,(D),32,0,0,66,132,43,0,0,H8NH01178,C00658658,FALSE,FALSE,TRUE,FALSE
NH,01,Mark Mackenzie,(D),18,0,0,25,77,108,0,0,H8NH01228,C00660126,FALSE,FALSE,TRUE,FALSE
NH,01,Levi Sanders,(D),16,0,0,6,11,20,0,0,H8NH01244,C00672113,FALSE,FALSE,TRUE,FALSE
NH,01,Terence O'Rourke,(D),3,0,0,4,14,6,0,0,H8NH01194,C00658344,FALSE,FALSE,TRUE,FALSE
NH,01,Eddie Edwards,(R),207,0,0,151,509,215,0,0,H8NH01152,C00637397,FALSE,FALSE,FALSE,TRUE
NH,01,Bruce Crochetiere,(R),72,254,0,95,72,231,254,0,H8NH01277,C00677666,FALSE,FALSE,FALSE,TRUE
NH,01,Andy Sanborn,(R),66,0,200,47,327,715,0,0,H8NH01160,C00647610,FALSE,FALSE,FALSE,TRUE
NH,02,Annie Kuster,(D-inc),472,0,0,176,2579,2880,0,0,H0NH02181,C00462861,TRUE,FALSE,TRUE,FALSE
NH,02,Lynne Blankenbeker,(R),51,0,0,47,80,41,0,22,H8NH02283,C00665109,FALSE,FALSE,FALSE,TRUE
NH,02,Stewart Levenson,(R),23,100,0,76,145,290,305,0,H8NH02267,C00667436,FALSE,FALSE,FALSE,TRUE
NH,02,Steve Negron,(R),16,12,100,77,45,107,40,0,H8NH02275,C00657981,FALSE,FALSE,FALSE,TRUE
NJ,02,Jeff Van Drew,(D),540,0,0,317,1010,675,0,34,H8NJ02166,C00661868,FALSE,FALSE,TRUE,FALSE
NJ,02,Seth Grossman,(R),74,0,3,28,74,56,0,0,H8NJ02232,C00676726,FALSE,FALSE,FALSE,TRUE
NJ,03,Andy Kim,(D),1027,0,0,169,2042,1671,1,96,H8NJ03206,C00648220,FALSE,FALSE,TRUE,FALSE
NJ,03,Tom MacArthur,(R-inc),575,0,0,654,3484,1003,0,117,H4NJ03130,C00557520,TRUE,FALSE,FALSE,TRUE
NJ,04,Josh Welle,(D),348,0,0,171,618,327,0,0,H8NJ04188,C00658336,FALSE,FALSE,TRUE,FALSE
NJ,04,Chris Smith,(R-inc),250,0,0,95,816,754,0,0,H8NJ04014,C00096412,TRUE,FALSE,FALSE,TRUE
NJ,05,Josh Gottheimer,(D-inc),1473,0,0,205,5054,4534,0,11,H6NJ05171,C00573949,TRUE,FALSE,TRUE,FALSE
NJ,05,John McCann,(R),58,0,204,369,103,6,1,0,H8NJ05136,C00661637,FALSE,FALSE,FALSE,TRUE
NJ,07,Tom Malinowski,(D),1306,0,0,408,2007,1635,0,304,H8NJ07223,C00656686,FALSE,FALSE,TRUE,FALSE
NJ,07,Leonard Lance,(R-inc),431,0,0,125,1532,1151,0,0,H6NJ12136,C00444224,TRUE,FALSE,FALSE,TRUE
NJ,11,Mikie Sherrill,(D),1882,0,0,629,3628,2917,2,387,H8NJ11142,C00640003,FALSE,FALSE,TRUE,FALSE
NJ,11,Jay Webber,(R),339,0,1,389,572,172,0,0,H8NJ11217,C00669069,FALSE,FALSE,FALSE,TRUE
NM,02,Xochitl Torres Small,(D),615,0,0,361,899,496,0,29,H8NM02248,C00666149,FALSE,FALSE,TRUE,FALSE
NM,02,Yvette Herrell,(R),170,0,0,326,506,100,7,0,H8NM02156,C00655571,FALSE,FALSE,FALSE,TRUE
NV,03,Susie Lee,(D),864,4,0,725,1778,1139,6,287,H8NV03200,C00655613,FALSE,FALSE,TRUE,FALSE
NV,03,Danny Tarkanian,(R),298,0,0,221,1276,656,0,0,H8NV03275,C00654095,FALSE,FALSE,FALSE,TRUE
NV,04,Steven Horsford,(D),432,0,0,425,648,198,3,32,H2NV04011,C00668228,FALSE,FALSE,TRUE,FALSE
NV,04,Cresent Hardy,(R),228,0,0,114,420,304,0,0,H8NV04059,C00666461,FALSE,FALSE,FALSE,TRUE
NY,01,Perry Gershon,(D),140,342,300,1772,860,74,433,0,H8NY01155,C00650457,FALSE,FALSE,TRUE,FALSE
NY,01,Lee Zeldin,(R-inc),588,0,0,363,2974,1728,0,8,H8NY01148,C00552547,TRUE,FALSE,FALSE,TRUE
NY,02,Liuba Grechen Shirley,(D),277,0,0,290,603,186,0,0,H8NY02104,C00657015,FALSE,FALSE,TRUE,FALSE
NY,02,Pete King,(R-inc),251,0,0,84,928,3099,0,0,H2NY03089,C00272211,TRUE,FALSE,FALSE,TRUE
NY,11,Max Rose,(D),702,0,0,319,1709,1275,1,85,H8NY11113,C00652248,FALSE,FALSE,TRUE,FALSE
NY,11,Dan Donovan,(R-inc),630,0,0,972,1786,396,0,5,H6NY11174,C00571869,TRUE,FALSE,FALSE,TRUE
NY,18,Sean Patrick Maloney,(D-inc),113,0,0,227,2227,3025,0,0,H2NY22139,C00512426,TRUE,FALSE,TRUE,FALSE
NY,18,James O'Donnell,(R),57,0,0,36,208,222,0,0,NA,NA,FALSE,FALSE,FALSE,TRUE
NY,19,Antonio Delgado,(D),761,0,0,1299,2702,662,0,0,H8NY19181,C00633859,FALSE,FALSE,TRUE,FALSE
NY,19,Diane Neal,(I),NA,NA,NA,NA,NA,NA,NA,NA,H8NY19249,C00668087,FALSE,TRUE,FALSE,FALSE
NY,19,John Faso,(R-inc),651,0,0,376,2056,1262,0,140,H6NY19169,C00580415,TRUE,FALSE,FALSE,TRUE
NY,21,Tedra Cobb,(D),159,0,0,262,448,93,4,0,H8NY21245,C00649061,FALSE,FALSE,TRUE,FALSE
NY,21,Elise Stefanik,(R-inc),536,0,0,250,1740,1588,0,78,H4NY21079,C00547893,TRUE,FALSE,FALSE,TRUE
NY,22,Anthony Brindisi,(D),661,0,0,177,1835,1430,0,40,H8NY22151,C00648725,FALSE,FALSE,TRUE,FALSE
NY,22,Claudia Tenney,(R-inc),504,0,0,209,1598,1027,0,111,H4NY22051,C00632828,TRUE,FALSE,FALSE,TRUE
NY,23,Tracy Mitrano,(D),71,0,0,138,181,8,0,0,H8NY23183,C00654525,FALSE,FALSE,TRUE,FALSE
NY,23,Tom Reed,(R-inc),507,0,0,336,2596,1275,0,3,H0NY29054,C00464032,TRUE,FALSE,FALSE,TRUE
NY,24,Dana Balter,(D),263,0,0,225,456,113,0,0,H8NY24090,C00655183,FALSE,FALSE,TRUE,FALSE
NY,24,John Katko,(R-inc),514,0,0,149,1657,1609,0,214,H4NY24073,C00556365,TRUE,FALSE,FALSE,TRUE
NY,25,Joe Morelle,(D),855,0,0,461,855,394,0,0,H8NY25105,C00675108,FALSE,FALSE,TRUE,FALSE
NY,25,Jim Maxwell,(R),89,0,0,91,225,524,0,0,H8NY25097,C00666164,FALSE,FALSE,FALSE,TRUE
NY,27,Nathan McMurray,(D),92,0,0,47,132,82,0,0,H8NY27176,C00666453,FALSE,FALSE,TRUE,FALSE
NY,27,Chris Collins,(R-inc),198,0,0,117,1098,1342,0,10,H8NY29032,C00520379,TRUE,FALSE,FALSE,TRUE
OH,01,Aftab Pureval,(D),902,3,0,169,1519,1349,3,47,H8OH01118,C00667519,FALSE,FALSE,TRUE,FALSE
OH,01,Steve Chabot,(R-inc),355,0,0,98,760,1594,0,0,H8OH01043,C00301838,TRUE,FALSE,FALSE,TRUE
OH,02,Jill Schiller,(D),172,0,0,144,257,119,1,0,H8OH02124,C00666743,FALSE,FALSE,TRUE,FALSE
OH,02,Brad Wenstrup,(R-inc),280,0,0,83,768,1112,0,51,H2OH02085,C00497818,TRUE,FALSE,FALSE,TRUE
OH,07,Ken Harbaugh,(D),561,0,0,301,1466,977,2,55,H8OH07123,C00646752,FALSE,FALSE,TRUE,FALSE
OH,07,Bob Gibbs,(R-inc),181,0,0,74,750,1474,0,0,H0OH18077,C00466516,TRUE,FALSE,FALSE,TRUE
OH,10,Theresa Gasper,(D),224,0,40,213,378,187,0,0,H8OH10119,C00665471,FALSE,FALSE,TRUE,FALSE
OH,10,Mike Turner,(R-inc),262,0,0,117,924,711,0,0,H2OH03067,C00373001,TRUE,FALSE,FALSE,TRUE
OH,12,Daniel O'Connor,(D),695,0,0,684,858,148,0,0,H8OH12297,C00667964,FALSE,FALSE,TRUE,FALSE
OH,12,Troy Balderson,(R),681,0,0,696,1098,275,0,0,H8OH12180,C00662650,FALSE,FALSE,FALSE,TRUE
OH,14,Elizabeth Rader,(D),348,1,0,117,1001,635,8,0,H8OH14111,C00637967,FALSE,FALSE,TRUE,FALSE
OH,14,David Joyce,(R-inc),441,0,0,146,1571,1068,0,0,H2OH14064,C00527457,TRUE,FALSE,FALSE,TRUE
OH,15,Rick Neal,(D),266,3,250,251,610,503,29,0,H8OH15134,C00652651,FALSE,FALSE,TRUE,FALSE
OH,15,Steve Stivers,(R-inc),503,0,0,283,2126,2426,0,59,H8OH15076,C00441352,TRUE,FALSE,FALSE,TRUE
OH,16,Susan Palmer,(D),22,0,0,30,34,17,1,0,H8OH16157,C00667915,FALSE,FALSE,TRUE,FALSE
OH,16,Anthony Gonzalez,(R),251,0,0,643,1215,307,100,0,H8OH16124,C00654079,FALSE,FALSE,FALSE,TRUE
OK,01,Tim Gilpin,(D),97,0,0,79,110,34,0,0,H8OK01173,C00672931,FALSE,FALSE,TRUE,FALSE
OK,01,Kevin Hern,(R),123,0,400,829,706,752,3,0,H8OK01157,C00636092,FALSE,FALSE,FALSE,TRUE
OK,01,Tim Harris,(R),50,0,0,156,186,24,0,0,H8OK01165,C00637777,FALSE,FALSE,FALSE,TRUE
OK,05,Kendra Horn,(D),130,0,0,225,417,25,0,0,H8OK05109,C00648915,FALSE,FALSE,TRUE,FALSE
OK,05,Steve Russell,(R-inc),213,0,0,87,707,475,0,0,H4OK05132,C00558510,TRUE,FALSE,FALSE,TRUE
PA,01,Scott Wallace,(D),351,0,3934,3276,523,1702,23,0,H8PA08174,C00667097,FALSE,FALSE,TRUE,FALSE
PA,01,Brian Fitzpatrick,(R-inc),524,0,0,260,2178,1652,0,89,H6PA08277,C00607416,TRUE,FALSE,FALSE,TRUE
PA,04,Madeleine Dean,(D),309,1,25,595,467,101,3,0,H8PA04116,C00670844,FALSE,FALSE,TRUE,FALSE
PA,04,Dan David,(R),128,0,130,97,174,202,0,0,H8PA15286,C00665331,FALSE,FALSE,FALSE,TRUE
PA,05,Mary Gay Scanlon,(D),491,0,0,793,748,167,0,0,H8PA07200,C00669358,FALSE,FALSE,TRUE,FALSE
PA,05,Pearl Kim,(R),128,0,0,47,150,294,0,0,H8PA05295,C00673681,FALSE,FALSE,FALSE,TRUE
PA,06,Chrissy Houlahan,(D),835,0,0,202,2467,2202,0,88,H8PA06087,C00637371,FALSE,FALSE,TRUE,FALSE
PA,06,Gregory McCauley,(R),99,0,70,38,99,135,0,0,H8PA07192,C00668400,FALSE,FALSE,FALSE,TRUE
PA,07,Susan Wild,(D),863,0,10,278,815,700,0,250,H8PA15229,C00658567,FALSE,FALSE,TRUE,FALSE
PA,07,Marty Nothstein,(R),234,0,0,287,381,178,0,0,H8PA15245,C00658583,FALSE,FALSE,FALSE,TRUE
PA,08,Matt Cartwright,(D-inc),317,0,0,89,1712,1843,0,0,H2PA17079,C00509968,TRUE,FALSE,TRUE,FALSE
PA,08,John Chrin,(R),84,85,205,573,243,842,496,0,H8PA17050,C00640839,FALSE,FALSE,FALSE,TRUE
PA,09,Denny Wolff,(D),35,7,100,133,182,190,20,0,H8PA11095,C00658328,FALSE,FALSE,TRUE,FALSE
PA,09,Dan Meuser,(R),108,4,455,933,396,125,24,0,H8PA10147,C00654723,FALSE,FALSE,FALSE,TRUE
PA,10,George Scott,(D),259,0,20,119,331,208,1,0,H8PA04090,C00640961,FALSE,FALSE,TRUE,FALSE
PA,10,Scott Perry,(R-inc),230,0,0,89,641,554,0,4,H2PA04135,C00510164,TRUE,FALSE,FALSE,TRUE
PA,11,Jessica King,(D),300,0,0,153,782,356,1,0,H8PA16078,C00648774,FALSE,FALSE,TRUE,FALSE
PA,11,Lloyd Smucker,(R-inc),439,0,0,375,1058,301,0,166,H6PA16320,C00599464,TRUE,FALSE,FALSE,TRUE
PA,16,Ron DiNicola,(D),342,0,0,206,410,343,1,0,H4PA21069,C00673350,FALSE,FALSE,TRUE,FALSE
PA,16,Mike Kelly,(R-inc),486,0,0,159,1788,1700,0,0,H0PA03271,C00474189,TRUE,FALSE,FALSE,TRUE
PA,17,Conor Lamb,(D-inc),871,0,0,460,929,2097,0,20,H8PA18181,C00657411,TRUE,FALSE,TRUE,FALSE
PA,17,Keith Rothfus,(R-inc),689,0,0,162,1847,2068,0,97,H0PA04220,C00497115,TRUE,FALSE,FALSE,TRUE
SC,01,Joe Cunningham,(D),349,0,0,250,790,319,0,0,H8SC01116,C00650507,FALSE,FALSE,TRUE,FALSE
SC,01,Katie Arrington,(R),131,0,0,432,285,62,19,0,NA,NA,FALSE,FALSE,FALSE,TRUE
SC,05,Archie Parnell,(D),103,70,0,183,552,405,70,0,H8SC05174,C00634709,FALSE,FALSE,TRUE,FALSE
SC,05,Ralph Norman,(R-inc),159,0,0,36,1663,496,0,0,H8SC05158,C00633610,TRUE,FALSE,FALSE,TRUE
SD,AL,Tim Bjorkman,(D),133,21,0,88,368,218,45,0,H8SD01097,C00650226,FALSE,FALSE,TRUE,FALSE
SD,AL,Dusty Johnson,(R),181,9,0,529,867,151,42,0,H8SD01055,C00628917,FALSE,FALSE,FALSE,TRUE
TN,02,Tim Burchett,(R),226,0,0,226,604,239,0,0,H8TN02119,C00652149,FALSE,FALSE,FALSE,TRUE
TN,02,Jimmy Matlock,(R),176,0,50,306,519,232,0,0,H8TN02127,C00652396,FALSE,FALSE,FALSE,TRUE
TN,02,Ashley Nickloes,(R),147,0,0,70,140,77,0,7,H8TN02218,C00671206,FALSE,FALSE,FALSE,TRUE
TN,02,Jason Emert,(R),25,29,170,158,84,182,29,0,H8TN02200,C00659623,FALSE,FALSE,FALSE,TRUE
TN,06,John Rose,(R),125,0,0,832,669,1560,0,0,H8TN06094,C00652743,FALSE,FALSE,FALSE,TRUE
TN,06,Judd Matheny,(R),43,0,0,34,259,24,0,0,H8TN06086,C00650671,FALSE,FALSE,FALSE,TRUE
TN,06,Bob Corlew,(R),5,0,200,611,20,669,0,0,H8TN06102,C00666966,FALSE,FALSE,FALSE,TRUE
TN,08,David Kustoff,(R-inc),265,0,0,412,1384,808,0,0,H2TN07103,C00614826,TRUE,FALSE,FALSE,TRUE
TN,08,George Flinn,(R),2,0,1500,827,2,1210,0,0,H6TN08169,C00608406,FALSE,FALSE,FALSE,TRUE
TX,02,Todd Litton,(D),288,0,0,123,826,408,8,0,H8TX02067,C00639526,FALSE,FALSE,TRUE,FALSE
TX,02,Dan Crenshaw,(R),575,0,0,554,949,100,0,22,H8TX02166,C00660795,FALSE,FALSE,FALSE,TRUE
TX,06,Jana Sanchez,(D),116,0,0,103,358,68,0,0,H8TX06183,C00631978,FALSE,FALSE,TRUE,FALSE
TX,06,Ron Wright,(R),156,0,0,140,313,25,0,0,H8TX06233,C00662171,FALSE,FALSE,FALSE,TRUE
TX,07,Lizzie Pannill Fletcher,(D),1053,0,0,648,2294,797,18,0,H8TX07140,C00640045,FALSE,FALSE,TRUE,FALSE
TX,07,John Culberson,(R-inc),477,0,0,135,1669,1263,0,138,H0TX07055,C00343236,TRUE,FALSE,FALSE,TRUE
TX,21,Joseph Kopser,(D),467,0,0,381,1367,364,7,26,H8TX21190,C00641191,FALSE,FALSE,TRUE,FALSE
TX,21,Chip Roy,(R),392,0,0,443,933,190,1,0,H8TX21307,C00662767,FALSE,FALSE,FALSE,TRUE
TX,22,Sri Preston Kulkarni,(D),226,0,8,201,396,89,0,0,H8TX22313,C00662874,FALSE,FALSE,TRUE,FALSE
TX,22,Pete Olson,(R-inc),202,0,0,145,1060,253,0,0,H8TX22107,C00437913,TRUE,FALSE,FALSE,TRUE
TX,23,Gina Ortiz Jones,(D),1224,0,0,398,1845,1151,0,310,H8TX23121,C00652297,FALSE,FALSE,TRUE,FALSE
TX,23,Will Hurd,(R-inc),678,0,0,219,2097,2019,0,231,H0TX23086,C00545467,TRUE,FALSE,FALSE,TRUE
TX,31,M.J. Hegar,(D),1169,0,0,431,1605,867,7,0,H8TX31058,C00649350,FALSE,FALSE,TRUE,FALSE
TX,31,John Carter,(R-inc),266,0,0,78,1015,538,0,0,H2TX31044,C00371203,TRUE,FALSE,FALSE,TRUE
TX,32,Colin Allred,(D),1088,0,0,365,1854,943,0,33,H8TX32098,C00637868,FALSE,FALSE,TRUE,FALSE
TX,32,Pete Sessions,(R-inc),695,0,0,328,2766,1874,0,0,H2TX03126,C00303305,TRUE,FALSE,FALSE,TRUE
TX,36,Dayna Steele,(D),205,10,0,121,499,174,11,0,H8TX36024,C00639419,FALSE,FALSE,TRUE,FALSE
TX,36,Brian Babin,(R-inc),218,0,0,68,892,943,0,0,H6TX02079,C00553859,TRUE,FALSE,FALSE,TRUE
UT,04,Ben McAdams,(D),659,0,0,243,1677,1249,0,0,H8UT04053,C00658633,FALSE,FALSE,TRUE,FALSE
UT,04,Mia Love,(R-inc),1037,0,0,702,3248,1233,0,12,H2UT04023,C00505776,TRUE,FALSE,FALSE,TRUE
VA,02,Elaine Luria,(D),944,1,0,417,1003,818,4,311,H8VA02111,C00664375,FALSE,FALSE,TRUE,FALSE
VA,02,Scott Taylor,(R-inc),735,0,0,571,2585,1007,0,134,H0VA02118,C00608703,TRUE,FALSE,FALSE,TRUE
VA,05,Leslie Cockburn,(D),582,0,0,400,1056,483,228,0,H8VA05155,C00650366,FALSE,FALSE,TRUE,FALSE
VA,05,Denver Riggleman,(R),217,0,0,10,217,208,0,0,H8VA05171,C00680488,FALSE,FALSE,FALSE,TRUE
VA,07,Abigail Spanberger,(D),624,0,0,636,1346,465,0,0,H8VA07094,C00649913,FALSE,FALSE,TRUE,FALSE
VA,07,Dave Brat,(R-inc),476,0,0,205,1274,917,1,31,H4VA07143,C00554949,TRUE,FALSE,FALSE,TRUE
VA,09,Anthony Flaccavento,(D),155,5,0,128,302,101,14,0,H8VA09066,C00657619,FALSE,FALSE,TRUE,FALSE
VA,09,Morgan Griffith,(R-inc),226,0,0,85,780,412,0,0,H0VA09055,C00477240,TRUE,FALSE,FALSE,TRUE
VA,10,Jennifer Wexton,(D),1004,0,0,869,1842,766,0,87,H8VA10106,C00638023,FALSE,FALSE,TRUE,FALSE
VA,10,Barbara Comstock,(R-inc),1013,0,0,1116,3500,1717,0,122,H4VA10089,C00554261,TRUE,FALSE,FALSE,TRUE
VA,11,Gerry Connolly,(D-inc),235,0,0,127,1617,3203,0,0,H8VA11062,C00445452,TRUE,FALSE,TRUE,FALSE
VA,11,Jeffery Dove,(R),162,0,0,149,313,40,4,0,H8VA11070,C00630384,FALSE,FALSE,FALSE,TRUE
WA,03,Carolyn Long,(D),324,2,0,176,596,312,3,0,H8WA03198,C00660472,FALSE,FALSE,TRUE,FALSE
WA,03,David McDevitt,(D),5,0,300,30,30,681,0,0,H6WA03184,C00592345,FALSE,FALSE,TRUE,FALSE
WA,03,Jaime Herrera Beutler,(R-inc),448,0,0,212,1425,1003,0,0,H0WA03187,C00472704,TRUE,FALSE,FALSE,TRUE
WA,04,Christine Brown,(D),103,0,0,89,246,97,0,0,H8WA04089,C00647008,FALSE,FALSE,TRUE,FALSE
WA,04,Dan Newhouse,(R-inc),180,0,0,149,757,267,0,0,H4WA04104,C00559393,TRUE,FALSE,FALSE,TRUE
WA,05,Lisa Brown,(D),931,0,0,713,2185,1053,0,0,H8WA05193,C00654400,FALSE,FALSE,TRUE,FALSE
WA,05,Cathy McMorris Rodgers,(R-inc),1041,0,0,876,3069,1711,0,183,H4WA05077,C00390476,TRUE,FALSE,FALSE,TRUE
WA,08,Kim Schrier,(D),463,0,0,303,1527,939,5,0,H8WA08189,C00652628,FALSE,FALSE,TRUE,FALSE
WA,08,Jason Rittereiser,(D),251,0,0,278,844,379,0,0,H8WA08163,C00650028,FALSE,FALSE,TRUE,FALSE
WA,08,Shannon Hader,(D),102,0,120,189,391,548,6,0,H8WA08239,C00660530,FALSE,FALSE,TRUE,FALSE
WA,08,Dino Rossi,(R),848,0,0,524,2898,1835,0,0,H8WA08205,C00656371,FALSE,FALSE,FALSE,TRUE
WI,01,Randy Bryce,(D),1205,0,0,1302,6029,2154,0,0,H8WI01123,C00647537,FALSE,FALSE,TRUE,FALSE
WI,01,Cathy Myers,(D),356,0,0,371,1076,153,3,0,H8WI01131,C00648907,FALSE,FALSE,TRUE,FALSE
WI,01,Bryan Steil,(R),659,0,0,40,659,619,0,0,H8WI01156,C00677286,FALSE,FALSE,FALSE,TRUE
WI,03,Ron Kind,(D-inc),365,0,0,238,1759,3113,0,0,H6WI03099,C00312017,TRUE,FALSE,TRUE,FALSE
WI,03,Steve Toft,(R),62,0,0,58,178,108,3,0,H8WI03103,C00658807,FALSE,FALSE,FALSE,TRUE
WI,06,Dan Kohl,(D),425,0,0,122,1643,1145,0,0,H8WI06098,C00647164,FALSE,FALSE,TRUE,FALSE
WI,06,Glenn Grothman,(R-inc),264,0,0,100,1230,871,0,0,H4WI06048,C00561597,TRUE,FALSE,FALSE,TRUE
WI,07,Brian Ewert,(D),62,0,30,66,125,111,10,0,H8WI07104,C00669671,FALSE,FALSE,TRUE,FALSE
WI,07,Sean Duffy,(R-inc),518,0,0,188,2729,2569,0,130,H0WI07051,C00464339,TRUE,FALSE,FALSE,TRUE
WV,02,Talley Sergent,(D),131,4,0,182,364,121,9,0,H8WV02115,C00650176,FALSE,FALSE,TRUE,FALSE
WV,02,Alex Mooney,(R-inc),273,0,0,105,1422,1408,0,0,H4WV02080,C00629949,TRUE,FALSE,FALSE,TRUE
WV,03,Richard Ojeda,(D),352,0,0,253,525,163,0,0,H8WV03048,C00639989,FALSE,FALSE,TRUE,FALSE
WV,03,Carol Miller,(R),276,0,15,405,523,189,5,0,H8WV03097,C00653220,FALSE,FALSE,FALSE,TRUE
